puzzleId	word	row	column	direction	clueContent
000294	STEALTH	2	1	across	NA
000294	TORN	3	1	across	NA
000294	EA	3	6	across	NA
000294	ATA	4	1	across	NA
000294	SAT	4	5	across	NA
000294	TE	5	1	across	NA
000294	CASE	5	4	across	NA
000294	I	6	1	across	NA
000294	NONE	6	3	across	NA
000294	STEAD	7	1	across	NA
000294	M	7	7	across	NA
000294	TERRACE	8	1	across	NA
000294	IA	9	1	across	NA
000294	SLAM	9	4	across	NA
000294	CLUE	10	1	across	NA
000294	AE	10	6	across	NA
000294	STATISTIC	1	2	down	NA
000294	TOTE	1	3	down	NA
000294	TEAL	6	3	down	NA
000294	ERA	1	4	down	NA
000294	NER	5	4	down	NA
000294	U	9	4	down	NA
000294	AN	1	5	down	NA
000294	COARSE	4	5	down	NA
000294	L	1	6	down	NA
000294	SANDAL	3	6	down	NA
000294	TEASE	1	7	down	NA
000294	CAA	7	7	down	NA
000294	HATE	1	8	down	NA
000294	MEME	6	8	down	NA
000295	PERFECT	2	1	across	NA
000295	AVI	3	1	across	NA
000295	RAE	3	5	across	NA
000295	REAR	4	1	across	NA
000295	RN	4	6	across	NA
000295	AN	5	1	across	NA
000295	OATS	5	4	across	NA
000295	L	6	1	across	NA
000295	ABLE	6	3	across	NA
000295	YAHOO	7	1	across	NA
000295	R	7	7	across	NA
000295	STATUTE	8	1	across	NA
000295	IO	9	1	across	NA
000295	IDEA	9	4	across	NA
000295	SPEC	10	1	across	NA
000295	EL	10	6	across	NA
000295	PARALYSIS	1	2	down	NA
000295	EVEN	1	3	down	NA
000295	ATOP	6	3	down	NA
000295	RIA	1	4	down	NA
000295	AHA	5	4	down	NA
000295	E	9	4	down	NA
000295	F	1	5	down	NA
000295	ROBOTIC	3	5	down	NA
000295	ER	1	6	down	NA
000295	ALOUD	4	6	down	NA
000295	CARTE	1	7	down	NA
000295	TEE	7	7	down	NA
000295	TENS	1	8	down	NA
000295	REAL	6	8	down	NA
000296	SARCASM	2	1	across	NA
000296	TRA	3	1	across	NA
000296	SEA	3	5	across	NA
000296	RASP	4	1	across	NA
000296	AN	4	6	across	NA
000296	EB	5	1	across	NA
000296	HTML	5	4	across	NA
000296	T	6	1	across	NA
000296	TYA	6	3	across	NA
000296	Y	6	7	across	NA
000296	CLASSY	7	1	across	NA
000296	HABITAT	8	1	across	NA
000296	EV	9	1	across	NA
000296	CERT	9	4	across	NA
000296	RATS	10	1	across	NA
000296	DS	10	6	across	NA
000296	STRETCHER	1	2	down	NA
000296	ARAB	1	3	down	NA
000296	LAVA	6	3	down	NA
000296	RAS	1	4	down	NA
000296	TAB	5	4	down	NA
000296	T	9	4	down	NA
000296	C	1	5	down	NA
000296	PHYSICS	3	5	down	NA
000296	AS	1	6	down	NA
000296	TASTE	4	6	down	NA
000296	SEAM	1	7	down	NA
000296	YARD	6	7	down	NA
000296	MANLY	1	8	down	NA
000296	TTS	7	8	down	NA
000297	COMPASS	2	1	across	NA
000297	ARA	3	1	across	NA
000297	EAT	3	5	across	NA
000297	MATE	4	1	across	NA
000297	NA	4	6	across	NA
000297	EL	5	1	across	NA
000297	ABET	5	4	across	NA
000297	R	6	1	across	NA
000297	NSE	6	3	across	NA
000297	E	6	7	across	NA
000297	AVATAR	7	1	across	NA
000297	MINERAL	8	1	across	NA
000297	AN	9	1	across	NA
000297	REPO	9	4	across	NA
000297	NEA	10	1	across	NA
000297	RTC	10	5	across	NA
000297	CAMERAMAN	1	2	down	NA
000297	ORAL	1	3	down	NA
000297	VINE	6	3	down	NA
000297	MAT	1	4	down	NA
000297	NAN	5	4	down	NA
000297	A	9	4	down	NA
000297	P	1	5	down	NA
000297	EASTER	3	5	down	NA
000297	AE	1	6	down	NA
000297	BEARER	4	6	down	NA
000297	SANE	1	7	down	NA
000297	RAPT	6	7	down	NA
000297	STATE	1	8	down	NA
000297	LOC	7	8	down	NA
000298	ARTISAN	2	1	across	NA
000298	PART	3	1	across	NA
000298	RE	3	6	across	NA
000298	P	4	1	across	NA
000298	ANDES	4	3	across	NA
000298	ASI	5	1	across	NA
000298	ENT	5	5	across	NA
000298	R	6	1	across	NA
000298	NANA	6	3	across	NA
000298	ADEPT	7	1	across	NA
000298	T	7	7	across	NA
000298	TEENAGE	8	1	across	NA
000298	UM	9	1	across	NA
000298	ELBE	9	4	across	NA
000298	SOFA	10	1	across	NA
000298	IN	10	6	across	NA
000298	APPARATUS	1	2	down	NA
000298	RA	1	3	down	NA
000298	S	4	3	down	NA
000298	DEMO	6	3	down	NA
000298	TRAINEE	1	4	down	NA
000298	F	9	4	down	NA
000298	ITN	1	5	down	NA
000298	APNEA	5	5	down	NA
000298	S	1	6	down	NA
000298	DENTAL	3	6	down	NA
000298	ARENA	1	7	down	NA
000298	GBI	7	7	down	NA
000298	NEST	1	8	down	NA
000298	TEEN	6	8	down	NA
000299	STYLIST	2	1	across	NA
000299	THAT	3	1	across	NA
000299	AA	3	6	across	NA
000299	AAA	4	1	across	NA
000299	RIP	4	5	across	NA
000299	TI	5	1	across	NA
000299	CONE	5	4	across	NA
000299	E	6	1	across	NA
000299	SOOT	6	3	across	NA
000299	STINK	7	1	across	NA
000299	P	7	7	across	NA
000299	MARTINI	8	1	across	NA
000299	AC	9	1	across	NA
000299	REIN	9	4	across	NA
000299	NOVA	10	1	across	NA
000299	AE	10	6	across	NA
000299	STATESMAN	1	2	down	NA
000299	THAI	1	3	down	NA
000299	TACO	6	3	down	NA
000299	YAA	1	4	down	NA
000299	SIR	5	4	down	NA
000299	V	9	4	down	NA
000299	LT	1	5	down	NA
000299	CONTRA	4	5	down	NA
000299	I	1	6	down	NA
000299	ROOKIE	3	6	down	NA
000299	SAINT	1	7	down	NA
000299	NIA	7	7	down	NA
000299	TAPE	1	8	down	NA
000299	PINE	6	8	down	NA
000300	SETBACK	2	1	across	NA
000300	EXA	3	1	across	NA
000300	EAI	3	5	across	NA
000300	PAPA	4	1	across	NA
000300	TL	4	6	across	NA
000300	AM	5	1	across	NA
000300	LOCO	5	4	across	NA
000300	R	6	1	across	NA
000300	ETCH	6	3	across	NA
000300	AGREE	7	1	across	NA
000300	E	7	7	across	NA
000300	TERRACE	8	1	across	NA
000300	EN	9	1	across	NA
000300	ENOL	9	4	across	NA
000300	DEAD	10	1	across	NA
000300	AS	10	6	across	NA
000300	SEPARATED	1	2	down	NA
000300	EXAM	1	3	down	NA
000300	GENE	6	3	down	NA
000300	TAP	1	4	down	NA
000300	ERR	5	4	down	NA
000300	A	9	4	down	NA
000300	B	1	5	down	NA
000300	ALTERED	3	5	down	NA
000300	AE	1	6	down	NA
000300	OCEAN	4	6	down	NA
000300	CATCH	1	7	down	NA
000300	COA	7	7	down	NA
000300	KILO	1	8	down	NA
000300	EELS	6	8	down	NA
000301	STYLISH	2	1	across	NA
000301	THEE	3	1	across	NA
000301	TO	3	6	across	NA
000301	AAA	4	1	across	NA
000301	SOP	4	5	across	NA
000301	TT	5	1	across	NA
000301	TUNE	5	4	across	NA
000301	I	6	1	across	NA
000301	CARE	6	3	across	NA
000301	SCARE	7	1	across	NA
000301	O	7	7	across	NA
000301	TANGLED	8	1	across	NA
000301	IN	9	1	across	NA
000301	EYED	9	4	across	NA
000301	CENT	10	1	across	NA
000301	LS	10	6	across	NA
000301	STATISTIC	1	2	down	NA
000301	THAT	1	3	down	NA
000301	CANE	6	3	down	NA
000301	YEA	1	4	down	NA
000301	CAN	5	4	down	NA
000301	N	9	4	down	NA
000301	LE	1	5	down	NA
000301	TARGET	4	5	down	NA
000301	I	1	6	down	NA
000301	SURELY	3	6	down	NA
000301	STONE	1	7	down	NA
000301	EEL	7	7	down	NA
000301	HOPE	1	8	down	NA
000301	ODDS	6	8	down	NA
000302	CONCERT	2	1	across	NA
000302	AVC	3	1	across	NA
000302	AAH	3	5	across	NA
000302	RAIN	4	1	across	NA
000302	TE	4	6	across	NA
000302	IL	5	1	across	NA
000302	USER	5	4	across	NA
000302	B	6	1	across	NA
000302	ACT	6	3	across	NA
000302	E	6	7	across	NA
000302	BARLEY	7	1	across	NA
000302	EMPEROR	8	1	across	NA
000302	AI	9	1	across	NA
000302	UNDO	9	4	across	NA
000302	NDAS	10	1	across	NA
000302	AA	10	6	across	NA
000302	CARIBBEAN	1	2	down	NA
000302	OVAL	1	3	down	NA
000302	AMID	6	3	down	NA
000302	NCI	1	4	down	NA
000302	ARP	5	4	down	NA
000302	A	9	4	down	NA
000302	C	1	5	down	NA
000302	NUCLEUS	3	5	down	NA
000302	EA	1	6	down	NA
000302	STERN	4	6	down	NA
000302	RATE	1	7	down	NA
000302	YODA	6	7	down	NA
000302	THERE	1	8	down	NA
000302	ROA	7	8	down	NA
000303	ARRIVAL	2	1	across	NA
000303	SOIL	3	1	across	NA
000303	RO	3	6	across	NA
000303	CAB	4	1	across	NA
000303	SRO	4	5	across	NA
000303	ER	5	1	across	NA
000303	SEAT	5	4	across	NA
000303	R	6	1	across	NA
000303	AIRY	6	3	across	NA
000303	TABLE	7	1	across	NA
000303	O	7	7	across	NA
000303	ARSENAL	8	1	across	NA
000303	IS	9	1	across	NA
000303	NERD	9	4	across	NA
000303	NEXT	10	1	across	NA
000303	TY	10	6	across	NA
000303	ASCERTAIN	1	2	down	NA
000303	ROAR	1	3	down	NA
000303	ARSE	6	3	down	NA
000303	RIB	1	4	down	NA
000303	ABS	5	4	down	NA
000303	X	9	4	down	NA
000303	IL	1	5	down	NA
000303	SILENT	4	5	down	NA
000303	V	1	6	down	NA
000303	SERENE	3	6	down	NA
000303	ARRAY	1	7	down	NA
000303	ART	7	7	down	NA
000303	LOOT	1	8	down	NA
000303	OLDY	6	8	down	NA
000304	AGAINST	2	1	across	NA
000304	SAND	3	1	across	NA
000304	TA	3	6	across	NA
000304	STA	4	1	across	NA
000304	PAM	4	5	across	NA
000304	IE	5	1	across	NA
000304	TONE	5	4	across	NA
000304	S	6	1	across	NA
000304	HERD	6	3	across	NA
000304	TOAST	7	1	across	NA
000304	R	7	7	across	NA
000304	AGITATE	8	1	across	NA
000304	NR	9	1	across	NA
000304	ELSA	9	4	across	NA
000304	TEAR	10	1	across	NA
000304	OD	10	6	across	NA
000304	ASSISTANT	1	2	down	NA
000304	GATE	1	3	down	NA
000304	OGRE	6	3	down	NA
000304	ANA	1	4	down	NA
000304	HAI	5	4	down	NA
000304	A	9	4	down	NA
000304	ID	1	5	down	NA
000304	TESTER	4	5	down	NA
000304	N	1	6	down	NA
000304	PORTAL	3	6	down	NA
000304	STAND	1	7	down	NA
000304	TSO	7	7	down	NA
000304	TAME	1	8	down	NA
000304	READ	6	8	down	NA
000305	ASTOUND	2	1	across	NA
000305	STAT	3	1	across	NA
000305	AU	3	6	across	NA
000305	SAR	4	1	across	NA
000305	HMS	4	5	across	NA
000305	IR	5	1	across	NA
000305	BEET	5	4	across	NA
000305	S	6	1	across	NA
000305	NERD	6	3	across	NA
000305	TRACE	7	1	across	NA
000305	A	7	7	across	NA
000305	AEROBIC	8	1	across	NA
000305	NA	9	1	across	NA
000305	MYTH	9	4	across	NA
000305	TREE	10	1	across	NA
000305	TE	10	6	across	NA
000305	ASSISTANT	1	2	down	NA
000305	STAR	1	3	down	NA
000305	REAR	6	3	down	NA
000305	TAR	1	4	down	NA
000305	NAR	5	4	down	NA
000305	E	9	4	down	NA
000305	OT	1	5	down	NA
000305	BECOME	4	5	down	NA
000305	U	1	6	down	NA
000305	HEREBY	3	6	down	NA
000305	NAMED	1	7	down	NA
000305	ITT	7	7	down	NA
000305	DUST	1	8	down	NA
000305	ACHE	6	8	down	NA
000306	CHEMIST	2	1	across	NA
000306	HOSE	3	1	across	NA
000306	TE	3	6	across	NA
000306	ALA	4	1	across	NA
000306	YEN	4	5	across	NA
000306	RE	5	1	across	NA
000306	MEET	5	4	across	NA
000306	A	6	1	across	NA
000306	TEAR	6	3	across	NA
000306	CLEAR	7	1	across	NA
000306	O	7	7	across	NA
000306	TANGLED	8	1	across	NA
000306	EN	9	1	across	NA
000306	EYED	9	4	across	NA
000306	REAR	10	1	across	NA
000306	LS	10	6	across	NA
000306	CHARACTER	1	2	down	NA
000306	HOLE	1	3	down	NA
000306	LANE	6	3	down	NA
000306	ESA	1	4	down	NA
000306	TEN	5	4	down	NA
000306	A	9	4	down	NA
000306	ME	1	5	down	NA
000306	MEAGER	4	5	down	NA
000306	I	1	6	down	NA
000306	YEARLY	3	6	down	NA
000306	STEER	1	7	down	NA
000306	EEL	7	7	down	NA
000306	TENT	1	8	down	NA
000306	ODDS	6	8	down	NA
000307	SWEDISH	2	1	across	NA
000307	TILE	3	1	across	NA
000307	LA	3	6	across	NA
000307	RNS	4	1	across	NA
000307	CAT	4	5	across	NA
000307	EE	5	1	across	NA
000307	CONE	5	4	across	NA
000307	S	6	1	across	NA
000307	CHUG	6	3	across	NA
000307	SNEER	7	1	across	NA
000307	B	7	7	across	NA
000307	FORESEE	8	1	across	NA
000307	UV	9	1	across	NA
000307	SEAL	9	4	across	NA
000307	LARE	10	1	across	NA
000307	TT	10	6	across	NA
000307	STRESSFUL	1	2	down	NA
000307	WINE	1	3	down	NA
000307	NOVA	6	3	down	NA
000307	ELS	1	4	down	NA
000307	CER	5	4	down	NA
000307	R	9	4	down	NA
000307	DE	1	5	down	NA
000307	CHEESE	4	5	down	NA
000307	I	1	6	down	NA
000307	COURSE	3	6	down	NA
000307	SLANG	1	7	down	NA
000307	EAT	7	7	down	NA
000307	HATE	1	8	down	NA
000307	BELT	6	8	down	NA
000308	CAPTURE	2	1	across	NA
000308	RIME	3	1	across	NA
000308	OA	3	6	across	NA
000308	ADS	4	1	across	NA
000308	PTS	4	5	across	NA
000308	FE	5	1	across	NA
000308	SLOT	5	4	across	NA
000308	T	6	1	across	NA
000308	DOER	6	3	across	NA
000308	SCOLD	7	1	across	NA
000308	I	7	7	across	NA
000308	MANAGED	8	1	across	NA
000308	AM	9	1	across	NA
000308	CELL	9	4	across	NA
000308	NINE	10	1	across	NA
000308	AE	10	6	across	NA
000308	CRAFTSMAN	1	2	down	NA
000308	AIDE	1	3	down	NA
000308	CAMI	6	3	down	NA
000308	PMS	1	4	down	NA
000308	DON	5	4	down	NA
000308	N	9	4	down	NA
000308	TE	1	5	down	NA
000308	SOLACE	4	5	down	NA
000308	U	1	6	down	NA
000308	PLEDGE	3	6	down	NA
000308	ROTOR	1	7	down	NA
000308	ELA	7	7	down	NA
000308	EAST	1	8	down	NA
000308	IDLE	6	8	down	NA
000309	PAGEANT	2	1	across	NA
000309	RIPE	3	1	across	NA
000309	EA	3	6	across	NA
000309	ADS	4	1	across	NA
000309	DEL	4	5	across	NA
000309	CE	5	1	across	NA
000309	CEDE	5	4	across	NA
000309	T	6	1	across	NA
000309	MESS	6	3	across	NA
000309	INANE	7	1	across	NA
000309	P	7	7	across	NA
000309	CONTROL	8	1	across	NA
000309	AV	9	1	across	NA
000309	ETNA	9	4	across	NA
000309	LAIR	10	1	across	NA
000309	AN	10	6	across	NA
000309	PRACTICAL	1	2	down	NA
000309	AIDE	1	3	down	NA
000309	NOVA	6	3	down	NA
000309	GPS	1	4	down	NA
000309	MAN	5	4	down	NA
000309	I	9	4	down	NA
000309	EE	1	5	down	NA
000309	CENTER	4	5	down	NA
000309	A	1	6	down	NA
000309	DESERT	3	6	down	NA
000309	NEEDS	1	7	down	NA
000309	ONA	7	7	down	NA
000309	TALE	1	8	down	NA
000309	PLAN	6	8	down	NA
000310	STARTER	2	1	across	NA
000310	URGE	3	1	across	NA
000310	XO	3	6	across	NA
000310	PEA	4	1	across	NA
000310	RIT	4	5	across	NA
000310	EE	5	1	across	NA
000310	TALE	5	4	across	NA
000310	R	6	1	across	NA
000310	METE	6	3	across	NA
000310	SLANT	7	1	across	NA
000310	B	7	7	across	NA
000310	TOTALLY	8	1	across	NA
000310	AN	9	1	across	NA
000310	NEAT	9	4	across	NA
000310	RENT	10	1	across	NA
000310	IE	10	6	across	NA
000310	SUPERSTAR	1	2	down	NA
000310	TREE	1	3	down	NA
000310	LONE	6	3	down	NA
000310	AGA	1	4	down	NA
000310	MAT	5	4	down	NA
000310	N	9	4	down	NA
000310	RE	1	5	down	NA
000310	TENANT	4	5	down	NA
000310	T	1	6	down	NA
000310	RATTLE	3	6	down	NA
000310	EXILE	1	7	down	NA
000310	LAI	7	7	down	NA
000310	ROTE	1	8	down	NA
000310	BYTE	6	8	down	NA
000311	CORRECT	2	1	across	NA
000311	HOUR	3	1	across	NA
000311	RU	3	6	across	NA
000311	RPE	4	1	across	NA
000311	SAT	4	5	across	NA
000311	IS	5	1	across	NA
000311	MENU	5	4	across	NA
000311	S	6	1	across	NA
000311	TANK	6	3	across	NA
000311	TERMS	7	1	across	NA
000311	T	7	7	across	NA
000311	MAMMOTH	8	1	across	NA
000311	AV	9	1	across	NA
000311	ARIA	9	4	across	NA
000311	SELL	10	1	across	NA
000311	EN	10	6	across	NA
000311	CHRISTMAS	1	2	down	NA
000311	OOPS	1	3	down	NA
000311	EAVE	6	3	down	NA
000311	RUE	1	4	down	NA
000311	TRM	5	4	down	NA
000311	L	9	4	down	NA
000311	RR	1	5	down	NA
000311	MAMMAL	4	5	down	NA
000311	E	1	6	down	NA
000311	SENSOR	3	6	down	NA
000311	CRANK	1	7	down	NA
000311	TIE	7	7	down	NA
000311	TUTU	1	8	down	NA
000311	THAN	6	8	down	NA
000312	DIPLOMA	2	1	across	NA
000312	IMS	3	1	across	NA
000312	CON	3	5	across	NA
000312	SAGA	4	1	across	NA
000312	AN	4	6	across	NA
000312	AM	5	1	across	NA
000312	UPTO	5	4	across	NA
000312	P	6	1	across	NA
000312	ETH	6	3	across	NA
000312	Y	6	7	across	NA
000312	PERIOD	7	1	across	NA
000312	ELASTIC	8	1	across	NA
000312	AO	9	1	across	NA
000312	MORE	9	4	across	NA
000312	RNC	10	1	across	NA
000312	NEE	10	5	across	NA
000312	DISAPPEAR	1	2	down	NA
000312	IMAM	1	3	down	NA
000312	ELON	6	3	down	NA
000312	PSG	1	4	down	NA
000312	ERA	5	4	down	NA
000312	C	9	4	down	NA
000312	L	1	5	down	NA
000312	AUTISM	3	5	down	NA
000312	OC	1	6	down	NA
000312	PHOTON	4	6	down	NA
000312	MOAT	1	7	down	NA
000312	DIRE	6	7	down	NA
000312	ANNOY	1	8	down	NA
000312	CEE	7	8	down	NA
000313	SCRATCH	2	1	across	NA
000313	HOPE	3	1	across	NA
000313	RO	3	6	across	NA
000313	ARE	4	1	across	NA
000313	CIS	4	5	across	NA
000313	TE	5	1	across	NA
000313	TAME	5	4	across	NA
000313	T	6	1	across	NA
000313	LANE	6	3	across	NA
000313	EMPTY	7	1	across	NA
000313	B	7	7	across	NA
000313	RESTORE	8	1	across	NA
000313	ER	9	1	across	NA
000313	ONCE	9	4	across	NA
000313	DEMO	10	1	across	NA
000313	TS	10	6	across	NA
000313	SHATTERED	1	2	down	NA
000313	CORE	1	3	down	NA
000313	MERE	6	3	down	NA
000313	RPE	1	4	down	NA
000313	LPS	5	4	down	NA
000313	M	9	4	down	NA
000313	AE	1	5	down	NA
000313	TATTOO	4	5	down	NA
000313	T	1	6	down	NA
000313	CANYON	3	6	down	NA
000313	CRIME	1	7	down	NA
000313	RCT	7	7	down	NA
000313	HOSE	1	8	down	NA
000313	BEES	6	8	down	NA
000314	SELFISH	2	1	across	NA
000314	AME	3	1	across	NA
000314	SAY	3	5	across	NA
000314	TIDE	4	1	across	NA
000314	LP	4	6	across	NA
000314	IR	5	1	across	NA
000314	ARSE	5	4	across	NA
000314	S	6	1	across	NA
000314	AREA	6	3	across	NA
000314	FAINT	7	1	across	NA
000314	M	7	7	across	NA
000314	IMMERSE	8	1	across	NA
000314	EB	9	1	across	NA
000314	SODA	9	4	across	NA
000314	DIET	10	1	across	NA
000314	FD	10	6	across	NA
000314	SATISFIED	1	2	down	NA
000314	EMIR	1	3	down	NA
000314	AMBI	6	3	down	NA
000314	LED	1	4	down	NA
000314	AIM	5	4	down	NA
000314	E	9	4	down	NA
000314	F	1	5	down	NA
000314	EARNEST	3	5	down	NA
000314	IS	1	6	down	NA
000314	RETRO	4	6	down	NA
000314	SALSA	1	7	down	NA
000314	SDF	7	7	down	NA
000314	HYPE	1	8	down	NA
000314	MEAD	6	8	down	NA
000315	REMAINS	2	1	across	NA
000315	EVE	3	1	across	NA
000315	EEP	3	5	across	NA
000315	MEAN	4	1	across	NA
000315	AE	4	6	across	NA
000315	AR	5	1	across	NA
000315	OKRA	5	4	across	NA
000315	I	6	1	across	NA
000315	ANN	6	3	across	NA
000315	K	6	7	across	NA
000315	NAUSEA	7	1	across	NA
000315	DISTANT	8	1	across	NA
000315	ED	9	1	across	NA
000315	ODOR	9	4	across	NA
000315	REAP	10	1	across	NA
000315	NI	10	6	across	NA
000315	REMAINDER	1	2	down	NA
000315	EVER	1	3	down	NA
000315	AIDE	6	3	down	NA
000315	MEA	1	4	down	NA
000315	AUS	5	4	down	NA
000315	A	9	4	down	NA
000315	A	1	5	down	NA
000315	NONSTOP	3	5	down	NA
000315	IE	1	6	down	NA
000315	KNEAD	4	6	down	NA
000315	NEAR	1	7	down	NA
000315	ANON	6	7	down	NA
000315	SPEAK	1	8	down	NA
000315	TRI	7	8	down	NA
000316	ACTRESS	2	1	across	NA
000316	ERA	3	1	across	NA
000316	AEP	3	5	across	NA
000316	SANE	4	1	across	NA
000316	AE	4	6	across	NA
000316	TM	5	1	across	NA
000316	TERN	5	4	across	NA
000316	H	6	1	across	NA
000316	SHY	6	3	across	NA
000316	T	6	7	across	NA
000316	EARNER	7	1	across	NA
000316	TRAILER	8	1	across	NA
000316	IE	9	1	across	NA
000316	CIAO	9	4	across	NA
000316	CAL	10	1	across	NA
000316	DRY	10	5	across	NA
000316	AESTHETIC	1	2	down	NA
000316	CRAM	1	3	down	NA
000316	AREA	6	3	down	NA
000316	TAN	1	4	down	NA
000316	SRA	5	4	down	NA
000316	L	9	4	down	NA
000316	R	1	5	down	NA
000316	ETHNIC	3	5	down	NA
000316	EA	1	6	down	NA
000316	EYELID	4	6	down	NA
000316	SEAR	1	7	down	NA
000316	REAR	6	7	down	NA
000316	SPENT	1	8	down	NA
000316	ROY	7	8	down	NA
000317	PALETTE	2	1	across	NA
000317	ROAR	3	1	across	NA
000317	IV	3	6	across	NA
000317	O	4	1	across	NA
000317	TRADE	4	3	across	NA
000317	CUE	5	1	across	NA
000317	PAR	5	5	across	NA
000317	E	6	1	across	NA
000317	RAIL	6	3	across	NA
000317	SNARE	7	1	across	NA
000317	S	7	7	across	NA
000317	SOLICIT	8	1	across	NA
000317	ES	9	1	across	NA
000317	SEER	9	4	across	NA
000317	DYKE	10	1	across	NA
000317	TO	10	6	across	NA
000317	PROCESSED	1	2	down	NA
000317	AO	1	3	down	NA
000317	U	4	3	down	NA
000317	NOSY	6	3	down	NA
000317	LATERAL	1	4	down	NA
000317	K	9	4	down	NA
000317	ERR	1	5	down	NA
000317	ARISE	5	5	down	NA
000317	T	1	6	down	NA
000317	APIECE	3	6	down	NA
000317	TIDAL	1	7	down	NA
000317	IET	7	7	down	NA
000317	EVER	1	8	down	NA
000317	STRO	6	8	down	NA
000318	ADMIRAL	2	1	across	NA
000318	TEAM	3	1	across	NA
000318	IE	3	6	across	NA
000318	TAP	4	1	across	NA
000318	MSS	4	5	across	NA
000318	EN	5	1	across	NA
000318	BELT	5	4	across	NA
000318	M	6	1	across	NA
000318	COME	6	3	across	NA
000318	PESTO	7	1	across	NA
000318	O	7	7	across	NA
000318	TUITION	8	1	across	NA
000318	ER	9	1	across	NA
000318	ORAL	9	4	across	NA
000318	DOOM	10	1	across	NA
000318	RY	10	6	across	NA
000318	ATTEMPTED	1	2	down	NA
000318	DEAN	1	3	down	NA
000318	EURO	6	3	down	NA
000318	MAP	1	4	down	NA
000318	CSI	5	4	down	NA
000318	O	9	4	down	NA
000318	IM	1	5	down	NA
000318	BOTTOM	4	5	down	NA
000318	R	1	6	down	NA
000318	MEMOIR	3	6	down	NA
000318	AISLE	1	7	down	NA
000318	OAR	7	7	down	NA
000318	LEST	1	8	down	NA
000318	ONLY	6	8	down	NA
000319	REALTOR	2	1	across	NA
000319	EVY	3	1	across	NA
000319	ABA	3	5	across	NA
000319	SEAR	4	1	across	NA
000319	EN	4	6	across	NA
000319	IR	5	1	across	NA
000319	EAST	5	4	across	NA
000319	S	6	1	across	NA
000319	RULE	6	3	across	NA
000319	TAUNT	7	1	across	NA
000319	I	7	7	across	NA
000319	AMBIENT	8	1	across	NA
000319	NM	9	1	across	NA
000319	TREE	9	4	across	NA
000319	TOTE	10	1	across	NA
000319	OM	10	6	across	NA
000319	RESISTANT	1	2	down	NA
000319	EVER	1	3	down	NA
000319	AMMO	6	3	down	NA
000319	AYA	1	4	down	NA
000319	RUB	5	4	down	NA
000319	T	9	4	down	NA
000319	L	1	5	down	NA
000319	REUNITE	3	5	down	NA
000319	TA	1	6	down	NA
000319	ALTER	4	6	down	NA
000319	OBESE	1	7	down	NA
000319	NEO	7	7	down	NA
000319	RANT	1	8	down	NA
000319	ITEM	6	8	down	NA
000320	PARTIAL	2	1	across	NA
000320	RUNE	3	1	across	NA
000320	IO	3	6	across	NA
000320	ARA	4	1	across	NA
000320	CSS	4	5	across	NA
000320	CA	5	1	across	NA
000320	SALE	5	4	across	NA
000320	T	6	1	across	NA
000320	TIRE	6	3	across	NA
000320	IMAGE	7	1	across	NA
000320	S	7	7	across	NA
000320	COUNSEL	8	1	across	NA
000320	AN	9	1	across	NA
000320	ASIA	9	4	across	NA
000320	LOLL	10	1	across	NA
000320	NT	10	6	across	NA
000320	PRACTICAL	1	2	down	NA
000320	AURA	1	3	down	NA
000320	MONO	6	3	down	NA
000320	RNA	1	4	down	NA
000320	TAU	5	4	down	NA
000320	L	9	4	down	NA
000320	TE	1	5	down	NA
000320	SIGNAL	4	5	down	NA
000320	I	1	6	down	NA
000320	CARESS	3	6	down	NA
000320	AISLE	1	7	down	NA
000320	EIN	7	7	down	NA
000320	LOSE	1	8	down	NA
000320	SLAT	6	8	down	NA
000321	CHARITY	2	1	across	NA
000321	HEM	3	1	across	NA
000321	MAO	3	5	across	NA
000321	REST	4	1	across	NA
000321	SK	4	6	across	NA
000321	IL	5	1	across	NA
000321	RATE	5	4	across	NA
000321	S	6	1	across	NA
000321	NAPE	6	3	across	NA
000321	THEIR	7	1	across	NA
000321	A	7	7	across	NA
000321	MEANING	8	1	across	NA
000321	AA	9	1	across	NA
000321	ELSE	9	4	across	NA
000321	STIR	10	1	across	NA
000321	AS	10	6	across	NA
000321	CHRISTMAS	1	2	down	NA
000321	HEEL	1	3	down	NA
000321	HEAT	6	3	down	NA
000321	AMS	1	4	down	NA
000321	NEA	5	4	down	NA
000321	I	9	4	down	NA
000321	R	1	5	down	NA
000321	TRAINER	3	5	down	NA
000321	IM	1	6	down	NA
000321	APRIL	4	6	down	NA
000321	TASTE	1	7	down	NA
000321	NSA	7	7	down	NA
000321	YOKE	1	8	down	NA
000321	AGES	6	8	down	NA
000322	DEPRESS	2	1	across	NA
000322	EXT	3	1	across	NA
000322	NET	3	5	across	NA
000322	PALM	4	1	across	NA
000322	EA	4	6	across	NA
000322	RM	5	1	across	NA
000322	ASPS	5	4	across	NA
000322	E	6	1	across	NA
000322	NST	6	3	across	NA
000322	H	6	7	across	NA
000322	SITCOM	7	1	across	NA
000322	SCHOLAR	8	1	across	NA
000322	EO	9	1	across	NA
000322	TERM	9	4	across	NA
000322	DNA	10	1	across	NA
000322	NEY	10	5	across	NA
000322	DEPRESSED	1	2	down	NA
000322	EXAM	1	3	down	NA
000322	ICON	6	3	down	NA
000322	PTL	1	4	down	NA
000322	NTH	5	4	down	NA
000322	A	9	4	down	NA
000322	R	1	5	down	NA
000322	MASCOT	3	5	down	NA
000322	EN	1	6	down	NA
000322	STOLEN	4	6	down	NA
000322	SEEP	1	7	down	NA
000322	MARE	6	7	down	NA
000322	STASH	1	8	down	NA
000322	RMY	7	8	down	NA
000323	AIRPORT	2	1	across	NA
000323	NOON	3	1	across	NA
000323	AA	3	6	across	NA
000323	CTI	4	1	across	NA
000323	MIR	4	5	across	NA
000323	EA	5	1	across	NA
000323	LEST	5	4	across	NA
000323	S	6	1	across	NA
000323	DATE	6	3	across	NA
000323	TROPE	7	1	across	NA
000323	H	7	7	across	NA
000323	RESTORE	8	1	across	NA
000323	AP	9	1	across	NA
000323	ORCA	9	4	across	NA
000323	LOOP	10	1	across	NA
000323	OD	10	6	across	NA
000323	ANCESTRAL	1	2	down	NA
000323	IOTA	1	3	down	NA
000323	REPO	6	3	down	NA
000323	ROI	1	4	down	NA
000323	DOS	5	4	down	NA
000323	O	9	4	down	NA
000323	PN	1	5	down	NA
000323	LAPTOP	4	5	down	NA
000323	O	1	6	down	NA
000323	METEOR	3	6	down	NA
000323	RAISE	1	7	down	NA
000323	RCO	7	7	down	NA
000323	TART	1	8	down	NA
000323	HEAD	6	8	down	NA
000324	METRICS	2	1	across	NA
000324	EASE	3	1	across	NA
000324	RA	3	6	across	NA
000324	ASP	4	1	across	NA
000324	MAC	4	5	across	NA
000324	TT	5	1	across	NA
000324	DANK	5	4	across	NA
000324	B	6	1	across	NA
000324	GENE	6	3	across	NA
000324	ADAPT	7	1	across	NA
000324	P	7	7	across	NA
000324	LATERAL	8	1	across	NA
000324	LT	9	1	across	NA
000324	NAPE	9	4	across	NA
000324	SEND	10	1	across	NA
000324	EA	10	6	across	NA
000324	MEATBALLS	1	2	down	NA
000324	EAST	1	3	down	NA
000324	DATE	6	3	down	NA
000324	TSP	1	4	down	NA
000324	GAT	5	4	down	NA
000324	N	9	4	down	NA
000324	RE	1	5	down	NA
000324	DEPEND	4	5	down	NA
000324	I	1	6	down	NA
000324	MANTRA	3	6	down	NA
000324	CRANE	1	7	down	NA
000324	APE	7	7	down	NA
000324	SACK	1	8	down	NA
000324	PLEA	6	8	down	NA
000325	IMPRESS	2	1	across	NA
000325	NAIL	3	1	across	NA
000325	LE	3	6	across	NA
000325	TIA	4	1	across	NA
000325	SEN	4	5	across	NA
000325	ED	5	1	across	NA
000325	REED	5	4	across	NA
000325	R	6	1	across	NA
000325	PERK	6	3	across	NA
000325	PRICE	7	1	across	NA
000325	L	7	7	across	NA
000325	ROMANCE	8	1	across	NA
000325	EL	9	1	across	NA
000325	LEIA	9	4	across	NA
000325	TELL	10	1	across	NA
000325	AN	10	6	across	NA
000325	INTERPRET	1	2	down	NA
000325	MAID	1	3	down	NA
000325	ROLE	6	3	down	NA
000325	PIA	1	4	down	NA
000325	PIM	5	4	down	NA
000325	L	9	4	down	NA
000325	RL	1	5	down	NA
000325	RECALL	4	5	down	NA
000325	E	1	6	down	NA
000325	SERENE	3	6	down	NA
000325	SLEEK	1	7	down	NA
000325	CIA	7	7	down	NA
000325	SEND	1	8	down	NA
000325	LEAN	6	8	down	NA
000326	SPATIAL	2	1	across	NA
000326	PAIR	3	1	across	NA
000326	MA	3	6	across	NA
000326	ARA	4	1	across	NA
000326	TIT	4	5	across	NA
000326	CE	5	1	across	NA
000326	SANE	5	4	across	NA
000326	E	6	1	across	NA
000326	VETO	6	3	across	NA
000326	SHIRT	7	1	across	NA
000326	S	7	7	across	NA
000326	HAMMOCK	8	1	across	NA
000326	IH	9	1	across	NA
000326	OOZE	9	4	across	NA
000326	PAIN	10	1	across	NA
000326	ET	10	6	across	NA
000326	SPACESHIP	1	2	down	NA
000326	PARE	1	3	down	NA
000326	HAHA	6	3	down	NA
000326	AIA	1	4	down	NA
000326	VIM	5	4	down	NA
000326	I	9	4	down	NA
000326	TR	1	5	down	NA
000326	SERMON	4	5	down	NA
000326	I	1	6	down	NA
000326	TATTOO	3	6	down	NA
000326	AMINO	1	7	down	NA
000326	CZE	7	7	down	NA
000326	LATE	1	8	down	NA
000326	SKET	6	8	down	NA
